Model,MAE,RMSE,R2
Linear Regression,8.60532783892779,11.992877491600419,0.8059476779635447
Decision Tree,6.44606032822437,11.68474601570941,0.8157911026773051
Random Forest,5.629124107621267,9.03539958066493,0.8898544955574546
Gradient Boosting,5.610171786812242,8.616593851389977,0.8998287035559269
XGBoost,5.259852409362793,8.22117526746148,0.9088115692138672
